source_file,session,label,reported_moisture,power_dbm,position_y_m,n_reads,rssi_median_dbm,rssi_q25_dbm,rssi_q75_dbm,first_read,last_read,observed_read_span_s
data/01-Preliminary-Measurments/2025-02-28b/20250228_183717gui_Dogbone_Monza_4D_865.7MHz_1.543m_Soil_(Dry).csv,2025-02-28b,dry,0.01,28,1.543,794,-45.0,-45.0,-45.0,1740764251.623,1740764256.736,5.113000154495239
data/01-Preliminary-Measurments/2025-02-28b/20250228_185215gui_Dogbone_Monza_4D_865.7MHz_1.355m_Soil_(Dry).csv,2025-02-28b,dry,0.01,28,1.355,489,-45.0,-45.0,-44.0,1740765149.306,1740765152.404,3.0980000495910645
data/01-Preliminary-Measurments/2025-02-28b/20250228_190606gui_Dogbone_Monza_4D_865.7MHz_1.148m_Soil_(Dry).csv,2025-02-28b,dry,0.01,26,1.148,820,-44.0,-45.0,-44.0,1740765980.911,1740765986.032,5.121000051498413
data/01-Preliminary-Measurments/2025-02-28b/20250228_192152gui_Dogbone_Monza_4D_865.7MHz_0.94m_Soil_(Dry).csv,2025-02-28b,dry,0.01,29,0.94,830,-42.0,-42.0,-42.0,1740766926.798,1740766931.985,5.186999797821045
data/01-Preliminary-Measurments/2025-02-28b/20250228_193518gui_Dogbone_Monza_4D_865.7MHz_0.8m_Soil_(Dry).csv,2025-02-28b,dry,0.01,26,0.8,824,-43.0,-43.0,-43.0,1740767732.12,1740767737.269,5.14900016784668
data/01-Preliminary-Measurments/2025-02-28b/20250228_195135gui_Dogbone_Monza_4D_865.7MHz_0.597m_Soil_(Dry).csv,2025-02-28b,dry,0.01,20,0.597,818,-43.0,-43.0,-42.0,1740768709.291,1740768714.418,5.127000093460083
data/01-Preliminary-Measurments/2025-02-28b/20250228_200654gui_Dogbone_Monza_4D_865.7MHz_0.5529999999999999m_Soil_(Dry).csv,2025-02-28b,dry,0.01,15,0.5529999999999999,813,-45.0,-45.0,-45.0,1740769628.567,1740769633.688,5.121000051498413
data/01-Preliminary-Measurments/2025-02-28b/20250228_201833gui_Dogbone_Monza_4D_865.7MHz_0.519m_Soil_(Dry).csv,2025-02-28b,dry,0.01,10,0.519,814,-46.0,-46.0,-46.0,1740770327.557,1740770332.707,5.150000095367432
data/01-Preliminary-Measurments/2025-02-28b/20250228_203005gui_Dogbone_Monza_4D_865.7MHz_0.478m_Soil_(Dry).csv,2025-02-28b,dry,0.01,16,0.478,843,-43.0,-44.0,-43.0,1740771018.777,1740771024.071,5.294000148773193
data/01-Preliminary-Measurments/2025-02-28b/20250228_204133gui_Dogbone_Monza_4D_865.7MHz_0.443m_Soil_(Dry).csv,2025-02-28b,dry,0.01,22,0.443,815,-39.0,-39.0,-39.0,1740771707.109,1740771712.22,5.111000061035156
data/01-Preliminary-Measurments/2025-02-28b/20250228_205152gui_Dogbone_Monza_4D_865.7MHz_0.35200000000000004m_Soil_(Dry).csv,2025-02-28b,dry,0.01,26,0.352,491,-36.0,-36.0,-36.0,1740772326.133,1740772329.252,3.119000196456909
data/01-Preliminary-Measurments/2025-02-28b/20250228_205828gui_Dogbone_Monza_4D_865.7MHz_0.178m_Soil_(Dry).csv,2025-02-28b,dry,0.01,29,0.178,493,-32.0,-33.0,-32.0,1740772722.582,1740772725.701,3.11899995803833
data/01-Preliminary-Measurments/2025-03-06a/20250306_120343gui_Dogbone_Monza_4D_865.7MHz_0.183m_Soil_(Wet)_10.0dBm.csv,2025-03-06a,wet,0.06,10,0.183,809,-46.0,-46.0,-46.0,1741259013.06,1741259018.336,5.276000022888184
data/01-Preliminary-Measurments/2025-03-06a/20250306_120655gui_Dogbone_Monza_4D_865.7MHz_0.249m_Soil_(Wet)_10.0dBm.csv,2025-03-06a,wet,0.06,10,0.249,36,-41.0,-42.0,-41.0,1741259204.817,1741259205.03,0.21300005912780762
data/01-Preliminary-Measurments/2025-03-06a/20250306_121015gui_Dogbone_Monza_4D_865.7MHz_0.295m_Soil_(Wet)_13.0dBm.csv,2025-03-06a,wet,0.06,13,0.295,112,-50.0,-51.0,-50.0,1741259404.608,1741259409.346,4.73799991607666
data/01-Preliminary-Measurments/2025-03-06a/20250306_121420gui_Dogbone_Monza_4D_865.7MHz_0.342m_Soil_(Wet)_18.0dBm.csv,2025-03-06a,wet,0.06,18,0.342,820,-52.0,-52.0,-52.0,1741259649.955,1741259655.171,5.216000080108643
data/01-Preliminary-Measurments/2025-03-06a/20250306_121825gui_Dogbone_Monza_4D_865.7MHz_0.397m_Soil_(Wet)_24.0dBm.csv,2025-03-06a,wet,0.06,24,0.397,822,-52.0,-52.0,-52.0,1741259894.778,1741259899.893,5.114999771118164
data/01-Preliminary-Measurments/2025-03-06a/20250306_122426gui_Dogbone_Monza_4D_865.7MHz_0.432m_Soil_(Wet)_20.0dBm.csv,2025-03-06a,wet,0.06,20,0.432,771,-57.0,-57.0,-56.0,1741260256.323,1741260261.211,4.888000011444092
data/01-Preliminary-Measurments/2025-03-06a/20250306_122725gui_Dogbone_Monza_4D_865.7MHz_0.442m_Soil_(Wet)_27.0dBm.csv,2025-03-06a,wet,0.06,27,0.442,859,-53.0,-53.0,-53.0,1741260434.935,1741260440.29,5.355000019073486
data/01-Preliminary-Measurments/2025-03-06a/20250306_123339gui_Dogbone_Monza_4D_865.7MHz_0.458m_Soil_(Wet)_26.0dBm.csv,2025-03-06a,wet,0.06,26,0.458,809,-54.0,-54.0,-54.0,1741260809.293,1741260814.439,5.145999908447266
data/01-Preliminary-Measurments/2025-03-06a/20250306_123939gui_Dogbone_Monza_4D_865.7MHz_0.471m_Soil_(Wet)_23.0dBm.csv,2025-03-06a,wet,0.06,23,0.471,811,-55.0,-55.0,-55.0,1741261169.003,1741261174.157,5.1540000438690186
data/01-Preliminary-Measurments/2025-03-06a/20250306_124547gui_Dogbone_Monza_4D_865.7MHz_0.499m_Soil_(Wet)_22.0dBm.csv,2025-03-06a,wet,0.06,22,0.499,825,-57.0,-57.0,-57.0,1741261537.05,1741261542.183,5.133000135421753
data/01-Preliminary-Measurments/2025-03-06a/20250306_125155gui_Dogbone_Monza_4D_865.7MHz_0.528m_Soil_(Wet)_27.0dBm.csv,2025-03-06a,wet,0.06,27,0.528,828,-60.0,-60.0,-60.0,1741261905.145,1741261910.313,5.167999982833862
data/01-Preliminary-Measurments/2025-03-06a/20250306_130115gui_Dogbone_Monza_4D_865.7MHz_0.572m_Soil_(Wet)_10.0dBm.csv,2025-03-06a,wet,0.06,10,0.572,18,-63.0,-63.0,-63.0,1741262465.209,1741262465.306,0.0969998836517334
data/01-Preliminary-Measurments/2025-03-06b/20250306_170946gui_Dogbone_Monza_4D_865.7MHz_0.075m_Soil_(Wet)_10.0dBm.csv,2025-03-06b,wet,0.12,10,0.075,789,-36.0,-36.0,-36.0,1741277374.586,1741277379.72,5.134000062942505
data/01-Preliminary-Measurments/2025-03-06b/20250306_171928gui_Dogbone_Monza_4D_865.7MHz_0.199m_Soil_(Wet)_27.0dBm.csv,2025-03-06b,wet,0.12,27,0.199,822,-37.0,-37.0,-37.0,1741277956.565,1741277961.701,5.135999917984009
data/01-Preliminary-Measurments/2025-03-06b/20250306_172842gui_Dogbone_Monza_4D_865.7MHz_0.342m_Soil_(Wet)_24.0dBm.csv,2025-03-06b,wet,0.12,24,0.342,834,-42.0,-42.0,-42.0,1741278510.224,1741278515.4,5.176000118255615
data/01-Preliminary-Measurments/2025-03-06b/20250306_173956gui_Dogbone_Monza_4D_865.7MHz_0.415m_Soil_(Wet)_29.0dBm.csv,2025-03-06b,wet,0.12,29,0.415,821,-43.0,-43.0,-43.0,1741279183.932,1741279189.051,5.119000196456909
data/01-Preliminary-Measurments/2025-03-06b/20250306_175013gui_Dogbone_Monza_4D_865.7MHz_0.464m_Soil_(Wet)_18.0dBm.csv,2025-03-06b,wet,0.12,18,0.464,827,-49.0,-49.0,-49.0,1741279801.578,1741279806.724,5.145999908447266
data/01-Preliminary-Measurments/2025-03-06b/20250306_175832gui_Dogbone_Monza_4D_865.7MHz_0.484m_Soil_(Wet)_24.0dBm.csv,2025-03-06b,wet,0.12,24,0.484,823,-45.0,-46.0,-45.0,1741280300.627,1741280305.755,5.128000020980835
data/01-Preliminary-Measurments/2025-03-06b/20250306_180757gui_Dogbone_Monza_4D_865.7MHz_0.528m_Soil_(Wet)_16.0dBm.csv,2025-03-06b,wet,0.12,16,0.528,829,-51.0,-51.0,-51.0,1741280864.784,1741280869.953,5.169000148773193
data/01-Preliminary-Measurments/2025-03-06b/20250306_181647gui_Dogbone_Monza_4D_865.7MHz_0.56m_Soil_(Wet)_26.0dBm.csv,2025-03-06b,wet,0.12,26,0.56,772,-47.0,-47.0,-46.0,1741281395.571,1741281400.494,4.922999858856201
data/01-Preliminary-Measurments/2025-03-06b/20250306_182818gui_Dogbone_Monza_4D_865.7MHz_0.598m_Soil_(Wet)_24.0dBm.csv,2025-03-06b,wet,0.12,24,0.598,818,-49.0,-50.0,-49.0,1741282086.342,1741282091.434,5.0920000076293945
data/01-Preliminary-Measurments/2025-03-06b/20250306_184259gui_Dogbone_Monza_4D_865.7MHz_0.849m_Soil_(Wet)_20.0dBm.csv,2025-03-06b,wet,0.12,20,0.849,676,-56.0,-56.0,-56.0,1741282967.25,1741282971.506,4.25600004196167
data/01-Preliminary-Measurments/2025-03-06b/20250306_190121gui_Dogbone_Monza_4D_865.7MHz_1.146m_Soil_(Wet)_10.0dBm.csv,2025-03-06b,wet,0.12,10,1.146,23,-56.0,-56.5,-56.0,1741284069.485,1741284069.614,0.12900018692016602
data/01-Preliminary-Measurments/2025-03-06b/20250306_192755gui_Dogbone_Monza_4D_865.7MHz_1.541m_Soil_(Wet)_29.0dBm.csv,2025-03-06b,wet,0.12,29,1.541,830,-60.0,-60.0,-60.0,1741285663.079,1741285668.256,5.177000045776367
data/01-Preliminary-Measurments/2025-03-07a/20250307_125445gui_Dogbone_Monza_4D_865.7MHz_0.093m_Soil_(Wet)_10.0dBm.csv,2025-03-07a,wet,0.18,10,0.093,837,-38.0,-39.0,-38.0,1741348470.046,1741348475.415,5.36899995803833
data/01-Preliminary-Measurments/2025-03-07a/20250307_130241gui_Dogbone_Monza_4D_865.7MHz_0.194m_Soil_(Wet)_28.0dBm.csv,2025-03-07a,wet,0.18,28,0.194,805,-38.0,-38.0,-37.0,1741348945.948,1741348951.08,5.131999969482422
data/01-Preliminary-Measurments/2025-03-07a/20250307_131317gui_Dogbone_Monza_4D_865.7MHz_0.345m_Soil_(Wet)_27.0dBm.csv,2025-03-07a,wet,0.18,27,0.345,820,-40.0,-40.0,-39.0,1741349582.672,1741349587.782,5.110000133514404
data/01-Preliminary-Measurments/2025-03-07a/20250307_132508gui_Dogbone_Monza_4D_865.7MHz_0.435m_Soil_(Wet)_15.0dBm.csv,2025-03-07a,wet,0.18,15,0.435,801,-50.0,-50.0,-50.0,1741350293.505,1741350298.642,5.136999845504761
data/01-Preliminary-Measurments/2025-03-07a/20250307_133347gui_Dogbone_Monza_4D_865.7MHz_0.459m_Soil_(Wet)_21.0dBm.csv,2025-03-07a,wet,0.18,21,0.459,809,-46.0,-46.0,-46.0,1741350812.506,1741350817.635,5.128999948501587
data/01-Preliminary-Measurments/2025-03-07a/20250307_134305gui_Dogbone_Monza_4D_865.7MHz_0.484m_Soil_(Wet)_28.0dBm.csv,2025-03-07a,wet,0.18,28,0.484,821,-44.0,-44.0,-44.0,1741351370.139,1741351375.259,5.120000123977661
data/01-Preliminary-Measurments/2025-03-07a/20250307_135356gui_Dogbone_Monza_4D_865.7MHz_0.525m_Soil_(Wet)_20.0dBm.csv,2025-03-07a,wet,0.18,20,0.525,823,-50.0,-50.0,-50.0,1741352020.801,1741352025.925,5.123999834060669
data/01-Preliminary-Measurments/2025-03-07a/20250307_140543gui_Dogbone_Monza_4D_865.7MHz_0.567m_Soil_(Wet)_18.0dBm.csv,2025-03-07a,wet,0.18,18,0.567,803,-51.0,-52.0,-51.0,1741352728.159,1741352733.274,5.115000009536743
data/01-Preliminary-Measurments/2025-03-07a/20250307_141751gui_Dogbone_Monza_4D_865.7MHz_0.643m_Soil_(Wet)_22.0dBm.csv,2025-03-07a,wet,0.18,22,0.643,804,-53.0,-53.0,-53.0,1741353456.556,1741353461.678,5.121999979019165
data/01-Preliminary-Measurments/2025-03-07a/20250307_143228gui_Dogbone_Monza_4D_865.7MHz_0.9m_Soil_(Wet)_24.0dBm.csv,2025-03-07a,wet,0.18,24,0.9,823,-55.0,-55.0,-55.0,1741354333.349,1741354338.476,5.127000093460083
data/01-Preliminary-Measurments/2025-03-07a/20250307_145104gui_Dogbone_Monza_4D_865.7MHz_1.198m_Soil_(Wet)_10.0dBm.csv,2025-03-07a,wet,0.18,10,1.198,16,-55.0,-55.0,-55.0,1741355449.336,1741355449.422,0.08599996566772461
data/01-Preliminary-Measurments/2025-03-07a/20250307_151605gui_Dogbone_Monza_4D_865.7MHz_1.543m_Soil_(Wet)_29.0dBm.csv,2025-03-07a,wet,0.18,29,1.543,860,-60.0,-60.0,-60.0,1741356950.296,1741356955.64,5.3440001010894775
data/01-Preliminary-Measurments/2025-03-11b/20250311_165155gui_Dogbone_Monza_4D_865.7MHz_1.538m_Soil_(Wet)_10.0dBm.csv,2025-03-11b,wet,0.12,10,1.538,12811,-42.0,-46.0,-39.0,1741708287.327,1741708347.862,60.53500008583069
data/01-Preliminary-Measurments/2025-03-11b/20250311_171205gui_Dogbone_Monza_4D_865.7MHz_0.204m_Soil_(Wet)_25.0dBm.csv,2025-03-11b,wet,0.24,25,0.204,823,-39.0,-39.0,-39.0,1741709497.013,1741709502.146,5.132999897003174
data/01-Preliminary-Measurments/2025-03-11b/20250311_172026gui_Dogbone_Monza_4D_865.7MHz_0.348m_Soil_(Wet)_24.0dBm.csv,2025-03-11b,wet,0.24,24,0.348,824,-42.0,-42.0,-42.0,1741709997.823,1741710002.95,5.127000093460083
data/01-Preliminary-Measurments/2025-03-11b/20250311_172916gui_Dogbone_Monza_4D_865.7MHz_0.431m_Soil_(Wet)_10.0dBm.csv,2025-03-11b,wet,0.24,10,0.431,35,-42.0,-42.0,-42.0,1741710527.718,1741710527.925,0.2070000171661377
data/01-Preliminary-Measurments/2025-03-11b/20250311_173750gui_Dogbone_Monza_4D_865.7MHz_0.462m_Soil_(Wet)_20.0dBm.csv,2025-03-11b,wet,0.24,20,0.462,818,-47.0,-47.0,-47.0,1741711041.884,1741711046.974,5.0899999141693115
data/01-Preliminary-Measurments/2025-03-11b/20250311_174559gui_Dogbone_Monza_4D_865.7MHz_0.491m_Soil_(Wet)_27.0dBm.csv,2025-03-11b,wet,0.24,27,0.491,824,-43.0,-43.0,-43.0,1741711531.203,1741711536.355,5.1519999504089355
data/01-Preliminary-Measurments/2025-03-11b/20250311_175531gui_Dogbone_Monza_4D_865.7MHz_0.531m_Soil_(Wet)_18.0dBm.csv,2025-03-11b,wet,0.24,18,0.531,807,-49.0,-49.0,-49.0,1741712102.95,1741712108.002,5.052000045776367
data/01-Preliminary-Measurments/2025-03-11b/20250311_180428gui_Dogbone_Monza_4D_865.7MHz_0.559m_Soil_(Wet)_27.0dBm.csv,2025-03-11b,wet,0.24,27,0.559,813,-45.0,-45.0,-45.0,1741712639.896,1741712645.082,5.186000108718872
data/01-Preliminary-Measurments/2025-03-11b/20250311_181522gui_Dogbone_Monza_4D_865.7MHz_0.601m_Soil_(Wet)_25.0dBm.csv,2025-03-11b,wet,0.24,25,0.601,827,-48.0,-48.0,-48.0,1741713294.223,1741713299.395,5.171999931335449
data/01-Preliminary-Measurments/2025-03-11b/20250311_182623gui_Dogbone_Monza_4D_865.7MHz_0.8m_Soil_(Wet)_27.0dBm.csv,2025-03-11b,wet,0.24,27,0.8,827,-51.0,-51.0,-51.0,1741713954.573,1741713959.74,5.16700005531311
data/01-Preliminary-Measurments/2025-03-11b/20250311_191502gui_Dogbone_Monza_4D_865.7MHz_1.1m_Soil_(Wet)_10.0dBm.csv,2025-03-11b,wet,0.24,10,1.1,50,-53.0,-53.0,-53.0,1741716874.228,1741716874.526,0.2980000972747803
data/01-Preliminary-Measurments/2025-03-11b/20250311_193218gui_Dogbone_Monza_4D_865.7MHz_1.543m_Soil_(Wet)_29.0dBm.csv,2025-03-11b,wet,0.24,29,1.543,828,-55.0,-55.0,-55.0,1741717909.904,1741717915.063,5.158999919891357
