source_file_dry,session_dry,label_dry,reported_moisture_dry,power_dbm,position_y_m_dry,n_reads_dry,rssi_median_dbm_dry,rssi_q25_dbm_dry,rssi_q75_dbm_dry,first_read_dry,last_read_dry,observed_read_span_s_dry,rssi_iqr_db_dry,source_file_wet,session_wet,label_wet,reported_moisture_wet,position_y_m_wet,n_reads_wet,rssi_median_dbm_wet,rssi_q25_dbm_wet,rssi_q75_dbm_wet,first_read_wet,last_read_wet,observed_read_span_s_wet,rssi_iqr_db_wet,position_gap_m,wet_minus_dry_db
data/01-Preliminary-Measurments/2025-02-28b/20250228_203005gui_Dogbone_Monza_4D_865.7MHz_0.478m_Soil_(Dry).csv,2025-02-28b,dry,0.01,16,0.478,843,-43.0,-44.0,-43.0,1740771018.777,1740771024.071,5.294000148773193,1.0,data/01-Preliminary-Measurments/2025-03-06b/20250306_180757gui_Dogbone_Monza_4D_865.7MHz_0.528m_Soil_(Wet)_16.0dBm.csv,2025-03-06b,wet,0.12,0.528,829,-51.0,-51.0,-51.0,1741280864.784,1741280869.953,5.169000148773193,0.0,0.05,-8.0
data/01-Preliminary-Measurments/2025-02-28b/20250228_201833gui_Dogbone_Monza_4D_865.7MHz_0.519m_Soil_(Dry).csv,2025-02-28b,dry,0.01,10,0.519,814,-46.0,-46.0,-46.0,1740770327.557,1740770332.707,5.150000095367432,0.0,data/01-Preliminary-Measurments/2025-03-06a/20250306_130115gui_Dogbone_Monza_4D_865.7MHz_0.572m_Soil_(Wet)_10.0dBm.csv,2025-03-06a,wet,0.06,0.572,18,-63.0,-63.0,-63.0,1741262465.209,1741262465.306,0.0969998836517334,0.0,0.053,-17.0
data/01-Preliminary-Measurments/2025-02-28b/20250228_204133gui_Dogbone_Monza_4D_865.7MHz_0.443m_Soil_(Dry).csv,2025-02-28b,dry,0.01,22,0.443,815,-39.0,-39.0,-39.0,1740771707.109,1740771712.22,5.111000061035156,0.0,data/01-Preliminary-Measurments/2025-03-06a/20250306_124547gui_Dogbone_Monza_4D_865.7MHz_0.499m_Soil_(Wet)_22.0dBm.csv,2025-03-06a,wet,0.06,0.499,825,-57.0,-57.0,-57.0,1741261537.05,1741261542.183,5.133000135421753,0.0,0.056,-18.0
data/01-Preliminary-Measurments/2025-02-28b/20250228_195135gui_Dogbone_Monza_4D_865.7MHz_0.597m_Soil_(Dry).csv,2025-02-28b,dry,0.01,20,0.597,818,-43.0,-43.0,-42.0,1740768709.291,1740768714.418,5.127000093460083,1.0,data/01-Preliminary-Measurments/2025-03-07a/20250307_135356gui_Dogbone_Monza_4D_865.7MHz_0.525m_Soil_(Wet)_20.0dBm.csv,2025-03-07a,wet,0.18,0.525,823,-50.0,-50.0,-50.0,1741352020.801,1741352025.925,5.123999834060669,0.0,0.072,-7.0
data/01-Preliminary-Measurments/2025-02-28b/20250228_201833gui_Dogbone_Monza_4D_865.7MHz_0.519m_Soil_(Dry).csv,2025-02-28b,dry,0.01,10,0.519,814,-46.0,-46.0,-46.0,1740770327.557,1740770332.707,5.150000095367432,0.0,data/01-Preliminary-Measurments/2025-03-11b/20250311_172916gui_Dogbone_Monza_4D_865.7MHz_0.431m_Soil_(Wet)_10.0dBm.csv,2025-03-11b,wet,0.24,0.431,35,-42.0,-42.0,-42.0,1741710527.718,1741710527.925,0.2070000171661377,0.0,0.088,4.0
data/01-Preliminary-Measurments/2025-02-28b/20250228_205152gui_Dogbone_Monza_4D_865.7MHz_0.35200000000000004m_Soil_(Dry).csv,2025-02-28b,dry,0.01,26,0.352,491,-36.0,-36.0,-36.0,1740772326.133,1740772329.252,3.119000196456909,0.0,data/01-Preliminary-Measurments/2025-03-06a/20250306_123339gui_Dogbone_Monza_4D_865.7MHz_0.458m_Soil_(Wet)_26.0dBm.csv,2025-03-06a,wet,0.06,0.458,809,-54.0,-54.0,-54.0,1741260809.293,1741260814.439,5.145999908447266,0.0,0.106,-18.0
data/01-Preliminary-Measurments/2025-02-28b/20250228_200654gui_Dogbone_Monza_4D_865.7MHz_0.5529999999999999m_Soil_(Dry).csv,2025-02-28b,dry,0.01,15,0.5529999999999999,813,-45.0,-45.0,-45.0,1740769628.567,1740769633.688,5.121000051498413,0.0,data/01-Preliminary-Measurments/2025-03-07a/20250307_132508gui_Dogbone_Monza_4D_865.7MHz_0.435m_Soil_(Wet)_15.0dBm.csv,2025-03-07a,wet,0.18,0.435,801,-50.0,-50.0,-50.0,1741350293.505,1741350298.642,5.136999845504761,0.0,0.118,-5.0
data/01-Preliminary-Measurments/2025-02-28b/20250228_195135gui_Dogbone_Monza_4D_865.7MHz_0.597m_Soil_(Dry).csv,2025-02-28b,dry,0.01,20,0.597,818,-43.0,-43.0,-42.0,1740768709.291,1740768714.418,5.127000093460083,1.0,data/01-Preliminary-Measurments/2025-03-11b/20250311_173750gui_Dogbone_Monza_4D_865.7MHz_0.462m_Soil_(Wet)_20.0dBm.csv,2025-03-11b,wet,0.24,0.462,818,-47.0,-47.0,-47.0,1741711041.884,1741711046.974,5.0899999141693115,0.0,0.135,-4.0
data/01-Preliminary-Measurments/2025-02-28b/20250228_195135gui_Dogbone_Monza_4D_865.7MHz_0.597m_Soil_(Dry).csv,2025-02-28b,dry,0.01,20,0.597,818,-43.0,-43.0,-42.0,1740768709.291,1740768714.418,5.127000093460083,1.0,data/01-Preliminary-Measurments/2025-03-06a/20250306_122426gui_Dogbone_Monza_4D_865.7MHz_0.432m_Soil_(Wet)_20.0dBm.csv,2025-03-06a,wet,0.06,0.432,771,-57.0,-57.0,-56.0,1741260256.323,1741260261.211,4.888000011444092,1.0,0.165,-14.0
data/01-Preliminary-Measurments/2025-02-28b/20250228_204133gui_Dogbone_Monza_4D_865.7MHz_0.443m_Soil_(Dry).csv,2025-02-28b,dry,0.01,22,0.443,815,-39.0,-39.0,-39.0,1740771707.109,1740771712.22,5.111000061035156,0.0,data/01-Preliminary-Measurments/2025-03-07a/20250307_141751gui_Dogbone_Monza_4D_865.7MHz_0.643m_Soil_(Wet)_22.0dBm.csv,2025-03-07a,wet,0.18,0.643,804,-53.0,-53.0,-53.0,1741353456.556,1741353461.678,5.121999979019165,0.0,0.2,-14.0
data/01-Preliminary-Measurments/2025-02-28b/20250228_205152gui_Dogbone_Monza_4D_865.7MHz_0.35200000000000004m_Soil_(Dry).csv,2025-02-28b,dry,0.01,26,0.352,491,-36.0,-36.0,-36.0,1740772326.133,1740772329.252,3.119000196456909,0.0,data/01-Preliminary-Measurments/2025-03-06b/20250306_181647gui_Dogbone_Monza_4D_865.7MHz_0.56m_Soil_(Wet)_26.0dBm.csv,2025-03-06b,wet,0.12,0.56,772,-47.0,-47.0,-46.0,1741281395.571,1741281400.494,4.922999858856201,1.0,0.208,-11.0
data/01-Preliminary-Measurments/2025-02-28b/20250228_205828gui_Dogbone_Monza_4D_865.7MHz_0.178m_Soil_(Dry).csv,2025-02-28b,dry,0.01,29,0.178,493,-32.0,-33.0,-32.0,1740772722.582,1740772725.701,3.11899995803833,1.0,data/01-Preliminary-Measurments/2025-03-06b/20250306_173956gui_Dogbone_Monza_4D_865.7MHz_0.415m_Soil_(Wet)_29.0dBm.csv,2025-03-06b,wet,0.12,0.415,821,-43.0,-43.0,-43.0,1741279183.932,1741279189.051,5.119000196456909,0.0,0.237,-11.0
data/01-Preliminary-Measurments/2025-02-28b/20250228_193518gui_Dogbone_Monza_4D_865.7MHz_0.8m_Soil_(Dry).csv,2025-02-28b,dry,0.01,26,0.8,824,-43.0,-43.0,-43.0,1740767732.12,1740767737.269,5.14900016784668,0.0,data/01-Preliminary-Measurments/2025-03-06b/20250306_181647gui_Dogbone_Monza_4D_865.7MHz_0.56m_Soil_(Wet)_26.0dBm.csv,2025-03-06b,wet,0.12,0.56,772,-47.0,-47.0,-46.0,1741281395.571,1741281400.494,4.922999858856201,1.0,0.24,-4.0
data/01-Preliminary-Measurments/2025-02-28b/20250228_195135gui_Dogbone_Monza_4D_865.7MHz_0.597m_Soil_(Dry).csv,2025-02-28b,dry,0.01,20,0.597,818,-43.0,-43.0,-42.0,1740768709.291,1740768714.418,5.127000093460083,1.0,data/01-Preliminary-Measurments/2025-03-06b/20250306_184259gui_Dogbone_Monza_4D_865.7MHz_0.849m_Soil_(Wet)_20.0dBm.csv,2025-03-06b,wet,0.12,0.849,676,-56.0,-56.0,-56.0,1741282967.25,1741282971.506,4.25600004196167,0.0,0.252,-13.0
data/01-Preliminary-Measurments/2025-02-28b/20250228_201833gui_Dogbone_Monza_4D_865.7MHz_0.519m_Soil_(Dry).csv,2025-02-28b,dry,0.01,10,0.519,814,-46.0,-46.0,-46.0,1740770327.557,1740770332.707,5.150000095367432,0.0,data/01-Preliminary-Measurments/2025-03-06a/20250306_120655gui_Dogbone_Monza_4D_865.7MHz_0.249m_Soil_(Wet)_10.0dBm.csv,2025-03-06a,wet,0.06,0.249,36,-41.0,-42.0,-41.0,1741259204.817,1741259205.03,0.21300005912780762,1.0,0.27,5.0
data/01-Preliminary-Measurments/2025-02-28b/20250228_201833gui_Dogbone_Monza_4D_865.7MHz_0.519m_Soil_(Dry).csv,2025-02-28b,dry,0.01,10,0.519,814,-46.0,-46.0,-46.0,1740770327.557,1740770332.707,5.150000095367432,0.0,data/01-Preliminary-Measurments/2025-03-06a/20250306_120343gui_Dogbone_Monza_4D_865.7MHz_0.183m_Soil_(Wet)_10.0dBm.csv,2025-03-06a,wet,0.06,0.183,809,-46.0,-46.0,-46.0,1741259013.06,1741259018.336,5.276000022888184,0.0,0.336,0.0
data/01-Preliminary-Measurments/2025-02-28b/20250228_193518gui_Dogbone_Monza_4D_865.7MHz_0.8m_Soil_(Dry).csv,2025-02-28b,dry,0.01,26,0.8,824,-43.0,-43.0,-43.0,1740767732.12,1740767737.269,5.14900016784668,0.0,data/01-Preliminary-Measurments/2025-03-06a/20250306_123339gui_Dogbone_Monza_4D_865.7MHz_0.458m_Soil_(Wet)_26.0dBm.csv,2025-03-06a,wet,0.06,0.458,809,-54.0,-54.0,-54.0,1741260809.293,1741260814.439,5.145999908447266,0.0,0.342,-11.0
data/01-Preliminary-Measurments/2025-02-28b/20250228_201833gui_Dogbone_Monza_4D_865.7MHz_0.519m_Soil_(Dry).csv,2025-02-28b,dry,0.01,10,0.519,814,-46.0,-46.0,-46.0,1740770327.557,1740770332.707,5.150000095367432,0.0,data/01-Preliminary-Measurments/2025-03-07a/20250307_125445gui_Dogbone_Monza_4D_865.7MHz_0.093m_Soil_(Wet)_10.0dBm.csv,2025-03-07a,wet,0.18,0.093,837,-38.0,-39.0,-38.0,1741348470.046,1741348475.415,5.36899995803833,1.0,0.426,8.0
data/01-Preliminary-Measurments/2025-02-28b/20250228_201833gui_Dogbone_Monza_4D_865.7MHz_0.519m_Soil_(Dry).csv,2025-02-28b,dry,0.01,10,0.519,814,-46.0,-46.0,-46.0,1740770327.557,1740770332.707,5.150000095367432,0.0,data/01-Preliminary-Measurments/2025-03-06b/20250306_170946gui_Dogbone_Monza_4D_865.7MHz_0.075m_Soil_(Wet)_10.0dBm.csv,2025-03-06b,wet,0.12,0.075,789,-36.0,-36.0,-36.0,1741277374.586,1741277379.72,5.134000062942505,0.0,0.444,10.0
data/01-Preliminary-Measurments/2025-02-28b/20250228_192152gui_Dogbone_Monza_4D_865.7MHz_0.94m_Soil_(Dry).csv,2025-02-28b,dry,0.01,29,0.94,830,-42.0,-42.0,-42.0,1740766926.798,1740766931.985,5.186999797821045,0.0,data/01-Preliminary-Measurments/2025-03-06b/20250306_173956gui_Dogbone_Monza_4D_865.7MHz_0.415m_Soil_(Wet)_29.0dBm.csv,2025-03-06b,wet,0.12,0.415,821,-43.0,-43.0,-43.0,1741279183.932,1741279189.051,5.119000196456909,0.0,0.525,-1.0
data/01-Preliminary-Measurments/2025-02-28b/20250228_201833gui_Dogbone_Monza_4D_865.7MHz_0.519m_Soil_(Dry).csv,2025-02-28b,dry,0.01,10,0.519,814,-46.0,-46.0,-46.0,1740770327.557,1740770332.707,5.150000095367432,0.0,data/01-Preliminary-Measurments/2025-03-11b/20250311_191502gui_Dogbone_Monza_4D_865.7MHz_1.1m_Soil_(Wet)_10.0dBm.csv,2025-03-11b,wet,0.24,1.1,50,-53.0,-53.0,-53.0,1741716874.228,1741716874.526,0.2980000972747803,0.0,0.581,-7.0
data/01-Preliminary-Measurments/2025-02-28b/20250228_190606gui_Dogbone_Monza_4D_865.7MHz_1.148m_Soil_(Dry).csv,2025-02-28b,dry,0.01,26,1.148,820,-44.0,-45.0,-44.0,1740765980.911,1740765986.032,5.121000051498413,1.0,data/01-Preliminary-Measurments/2025-03-06b/20250306_181647gui_Dogbone_Monza_4D_865.7MHz_0.56m_Soil_(Wet)_26.0dBm.csv,2025-03-06b,wet,0.12,0.56,772,-47.0,-47.0,-46.0,1741281395.571,1741281400.494,4.922999858856201,1.0,0.588,-3.0
data/01-Preliminary-Measurments/2025-02-28b/20250228_192152gui_Dogbone_Monza_4D_865.7MHz_0.94m_Soil_(Dry).csv,2025-02-28b,dry,0.01,29,0.94,830,-42.0,-42.0,-42.0,1740766926.798,1740766931.985,5.186999797821045,0.0,data/01-Preliminary-Measurments/2025-03-06b/20250306_192755gui_Dogbone_Monza_4D_865.7MHz_1.541m_Soil_(Wet)_29.0dBm.csv,2025-03-06b,wet,0.12,1.541,830,-60.0,-60.0,-60.0,1741285663.079,1741285668.256,5.177000045776367,0.0,0.601,-18.0
data/01-Preliminary-Measurments/2025-02-28b/20250228_192152gui_Dogbone_Monza_4D_865.7MHz_0.94m_Soil_(Dry).csv,2025-02-28b,dry,0.01,29,0.94,830,-42.0,-42.0,-42.0,1740766926.798,1740766931.985,5.186999797821045,0.0,data/01-Preliminary-Measurments/2025-03-07a/20250307_151605gui_Dogbone_Monza_4D_865.7MHz_1.543m_Soil_(Wet)_29.0dBm.csv,2025-03-07a,wet,0.18,1.543,860,-60.0,-60.0,-60.0,1741356950.296,1741356955.64,5.3440001010894775,0.0,0.603,-18.0
data/01-Preliminary-Measurments/2025-02-28b/20250228_192152gui_Dogbone_Monza_4D_865.7MHz_0.94m_Soil_(Dry).csv,2025-02-28b,dry,0.01,29,0.94,830,-42.0,-42.0,-42.0,1740766926.798,1740766931.985,5.186999797821045,0.0,data/01-Preliminary-Measurments/2025-03-11b/20250311_193218gui_Dogbone_Monza_4D_865.7MHz_1.543m_Soil_(Wet)_29.0dBm.csv,2025-03-11b,wet,0.24,1.543,828,-55.0,-55.0,-55.0,1741717909.904,1741717915.063,5.158999919891357,0.0,0.603,-13.0
data/01-Preliminary-Measurments/2025-02-28b/20250228_201833gui_Dogbone_Monza_4D_865.7MHz_0.519m_Soil_(Dry).csv,2025-02-28b,dry,0.01,10,0.519,814,-46.0,-46.0,-46.0,1740770327.557,1740770332.707,5.150000095367432,0.0,data/01-Preliminary-Measurments/2025-03-06b/20250306_190121gui_Dogbone_Monza_4D_865.7MHz_1.146m_Soil_(Wet)_10.0dBm.csv,2025-03-06b,wet,0.12,1.146,23,-56.0,-56.5,-56.0,1741284069.485,1741284069.614,0.12900018692016602,0.5,0.627,-10.0
data/01-Preliminary-Measurments/2025-02-28b/20250228_201833gui_Dogbone_Monza_4D_865.7MHz_0.519m_Soil_(Dry).csv,2025-02-28b,dry,0.01,10,0.519,814,-46.0,-46.0,-46.0,1740770327.557,1740770332.707,5.150000095367432,0.0,data/01-Preliminary-Measurments/2025-03-07a/20250307_145104gui_Dogbone_Monza_4D_865.7MHz_1.198m_Soil_(Wet)_10.0dBm.csv,2025-03-07a,wet,0.18,1.198,16,-55.0,-55.0,-55.0,1741355449.336,1741355449.422,0.08599996566772461,0.0,0.679,-9.0
data/01-Preliminary-Measurments/2025-02-28b/20250228_190606gui_Dogbone_Monza_4D_865.7MHz_1.148m_Soil_(Dry).csv,2025-02-28b,dry,0.01,26,1.148,820,-44.0,-45.0,-44.0,1740765980.911,1740765986.032,5.121000051498413,1.0,data/01-Preliminary-Measurments/2025-03-06a/20250306_123339gui_Dogbone_Monza_4D_865.7MHz_0.458m_Soil_(Wet)_26.0dBm.csv,2025-03-06a,wet,0.06,0.458,809,-54.0,-54.0,-54.0,1741260809.293,1741260814.439,5.145999908447266,0.0,0.69,-10.0
data/01-Preliminary-Measurments/2025-02-28b/20250228_185215gui_Dogbone_Monza_4D_865.7MHz_1.355m_Soil_(Dry).csv,2025-02-28b,dry,0.01,28,1.355,489,-45.0,-45.0,-44.0,1740765149.306,1740765152.404,3.0980000495910645,1.0,data/01-Preliminary-Measurments/2025-03-07a/20250307_134305gui_Dogbone_Monza_4D_865.7MHz_0.484m_Soil_(Wet)_28.0dBm.csv,2025-03-07a,wet,0.18,0.484,821,-44.0,-44.0,-44.0,1741351370.139,1741351375.259,5.120000123977661,0.0,0.871,1.0
data/01-Preliminary-Measurments/2025-02-28b/20250228_201833gui_Dogbone_Monza_4D_865.7MHz_0.519m_Soil_(Dry).csv,2025-02-28b,dry,0.01,10,0.519,814,-46.0,-46.0,-46.0,1740770327.557,1740770332.707,5.150000095367432,0.0,data/01-Preliminary-Measurments/2025-03-11b/20250311_165155gui_Dogbone_Monza_4D_865.7MHz_1.538m_Soil_(Wet)_10.0dBm.csv,2025-03-11b,wet,0.12,1.538,12811,-42.0,-46.0,-39.0,1741708287.327,1741708347.862,60.53500008583069,7.0,1.019,4.0
data/01-Preliminary-Measurments/2025-02-28b/20250228_183717gui_Dogbone_Monza_4D_865.7MHz_1.543m_Soil_(Dry).csv,2025-02-28b,dry,0.01,28,1.543,794,-45.0,-45.0,-45.0,1740764251.623,1740764256.736,5.113000154495239,0.0,data/01-Preliminary-Measurments/2025-03-07a/20250307_134305gui_Dogbone_Monza_4D_865.7MHz_0.484m_Soil_(Wet)_28.0dBm.csv,2025-03-07a,wet,0.18,0.484,821,-44.0,-44.0,-44.0,1741351370.139,1741351375.259,5.120000123977661,0.0,1.059,1.0
data/01-Preliminary-Measurments/2025-02-28b/20250228_185215gui_Dogbone_Monza_4D_865.7MHz_1.355m_Soil_(Dry).csv,2025-02-28b,dry,0.01,28,1.355,489,-45.0,-45.0,-44.0,1740765149.306,1740765152.404,3.0980000495910645,1.0,data/01-Preliminary-Measurments/2025-03-07a/20250307_130241gui_Dogbone_Monza_4D_865.7MHz_0.194m_Soil_(Wet)_28.0dBm.csv,2025-03-07a,wet,0.18,0.194,805,-38.0,-38.0,-37.0,1741348945.948,1741348951.08,5.131999969482422,1.0,1.161,7.0
data/01-Preliminary-Measurments/2025-02-28b/20250228_183717gui_Dogbone_Monza_4D_865.7MHz_1.543m_Soil_(Dry).csv,2025-02-28b,dry,0.01,28,1.543,794,-45.0,-45.0,-45.0,1740764251.623,1740764256.736,5.113000154495239,0.0,data/01-Preliminary-Measurments/2025-03-07a/20250307_130241gui_Dogbone_Monza_4D_865.7MHz_0.194m_Soil_(Wet)_28.0dBm.csv,2025-03-07a,wet,0.18,0.194,805,-38.0,-38.0,-37.0,1741348945.948,1741348951.08,5.131999969482422,1.0,1.349,7.0
data/01-Preliminary-Measurments/2025-02-28b/20250228_205828gui_Dogbone_Monza_4D_865.7MHz_0.178m_Soil_(Dry).csv,2025-02-28b,dry,0.01,29,0.178,493,-32.0,-33.0,-32.0,1740772722.582,1740772725.701,3.11899995803833,1.0,data/01-Preliminary-Measurments/2025-03-06b/20250306_192755gui_Dogbone_Monza_4D_865.7MHz_1.541m_Soil_(Wet)_29.0dBm.csv,2025-03-06b,wet,0.12,1.541,830,-60.0,-60.0,-60.0,1741285663.079,1741285668.256,5.177000045776367,0.0,1.363,-28.0
data/01-Preliminary-Measurments/2025-02-28b/20250228_205828gui_Dogbone_Monza_4D_865.7MHz_0.178m_Soil_(Dry).csv,2025-02-28b,dry,0.01,29,0.178,493,-32.0,-33.0,-32.0,1740772722.582,1740772725.701,3.11899995803833,1.0,data/01-Preliminary-Measurments/2025-03-07a/20250307_151605gui_Dogbone_Monza_4D_865.7MHz_1.543m_Soil_(Wet)_29.0dBm.csv,2025-03-07a,wet,0.18,1.543,860,-60.0,-60.0,-60.0,1741356950.296,1741356955.64,5.3440001010894775,0.0,1.365,-28.0
data/01-Preliminary-Measurments/2025-02-28b/20250228_205828gui_Dogbone_Monza_4D_865.7MHz_0.178m_Soil_(Dry).csv,2025-02-28b,dry,0.01,29,0.178,493,-32.0,-33.0,-32.0,1740772722.582,1740772725.701,3.11899995803833,1.0,data/01-Preliminary-Measurments/2025-03-11b/20250311_193218gui_Dogbone_Monza_4D_865.7MHz_1.543m_Soil_(Wet)_29.0dBm.csv,2025-03-11b,wet,0.24,1.543,828,-55.0,-55.0,-55.0,1741717909.904,1741717915.063,5.158999919891357,0.0,1.365,-23.0
